month,D4,D3,D2,D1,D0,Near Normal,W0,W1,W2,W3,W4
1990-03,0.0,0.0,0.0,0.0,0.0,0.0,0.0,100.0,0.0,0.0,0.0
1990-04,0.0,0.0,0.0,0.0,0.0,100.0,0.0,0.0,0.0,0.0,0.0
1990-05,0.0,0.0,0.0,0.0,100.0,0.0,0.0,0.0,0.0,0.0,0.0
1990-06,0.0,0.0,0.0,0.0,0.0,100.0,0.0,0.0,0.0,0.0,0.0
1990-07,0.0,0.0,0.0,0.0,0.0,100.0,0.0,0.0,0.0,0.0,0.0
1990-08,0.0,0.0,0.0,0.0,0.0,100.0,0.0,0.0,0.0,0.0,0.0
1990-09,0.0,0.0,0.0,0.0,0.0,0.0,63.03,36.97,0.0,0.0,0.0
1990-10,0.0,0.0,0.0,0.0,0.0,0.0,0.0,0.0,89.92,10.08,0.0
1990-11,0.0,0.0,0.0,0.0,0.0,0.0,0.0,0.0,0.0,0.0,100.0
1990-12,0.0,0.0,0.0,0.0,0.0,0.0,0.0,0.0,0.0,0.0,100.0
1991-01,0.0,0.0,0.0,0.0,0.0,0.0,0.0,0.0,0.0,0.0,100.0
1991-02,0.0,0.0,0.0,0.0,0.0,0.0,100.0,0.0,0.0,0.0,0.0
1991-03,0.0,0.0,0.0,0.0,0.0,0.0,0.0,100.0,0.0,0.0,0.0
1991-04,0.0,0.0,0.0,0.0,0.0,0.0,0.0,0.0,100.0,0.0,0.0
1991-05,0.0,0.0,0.0,0.0,0.0,0.0,0.0,0.0,0.0,100.0,0.0
1991-06,0.0,0.0,0.0,0.0,0.0,0.0,100.0,0.0,0.0,0.0,0.0
1991-07,0.0,0.0,0.0,0.0,0.0,100.0,0.0,0.0,0.0,0.0,0.0
1991-08,0.0,0.0,0.0,0.0,0.0,0.0,0.0,100.0,0.0,0.0,0.0
1991-09,0.0,0.0,0.0,0.0,0.0,0.0,0.0,100.0,0.0,0.0,0.0
1991-10,0.0,0.0,0.0,0.0,0.0,1.68,98.32,0.0,0.0,0.0,0.0
1991-11,0.0,0.0,0.0,100.0,0.0,0.0,0.0,0.0,0.0,0.0,0.0
1991-12,0.0,0.0,0.0,100.0,0.0,0.0,0.0,0.0,0.0,0.0,0.0
1992-01,0.0,0.0,0.0,100.0,0.0,0.0,0.0,0.0,0.0,0.0,0.0
1992-02,0.0,0.0,0.0,100.0,0.0,0.0,0.0,0.0,0.0,0.0,0.0
1992-03,0.0,100.0,0.0,0.0,0.0,0.0,0.0,0.0,0.0,0.0,0.0
1992-04,100.0,0.0,0.0,0.0,0.0,0.0,0.0,0.0,0.0,0.0,0.0
1992-05,84.03,15.97,0.0,0.0,0.0,0.0,0.0,0.0,0.0,0.0,0.0
1992-06,0.0,0.0,0.84,99.16,0.0,0.0,0.0,0.0,0.0,0.0,0.0
1992-07,0.0,0.0,0.0,0.0,0.0,50.42,49.58,0.0,0.0,0.0,0.0
1992-08,0.0,0.0,0.0,0.0,0.0,0.0,1.68,98.32,0.0,0.0,0.0
1992-09,0.0,0.0,0.0,0.0,0.0,0.0,0.0,100.0,0.0,0.0,0.0
1992-10,0.0,0.0,0.0,0.0,0.0,100.0,0.0,0.0,0.0,0.0,0.0
1992-11,0.0,0.0,0.0,0.0,0.0,0.0,0.0,100.0,0.0,0.0,0.0
1992-12,0.0,0.0,0.0,0.0,0.0,0.0,13.45,86.55,0.0,0.0,0.0
1993-01,0.0,0.0,0.0,0.0,0.0,0.0,100.0,0.0,0.0,0.0,0.0
1993-02,0.0,0.0,0.0,0.0,100.0,0.0,0.0,0.0,0.0,0.0,0.0
1993-03,0.0,0.0,0.0,100.0,0.0,0.0,0.0,0.0,0.0,0.0,0.0
1993-04,0.0,0.0,0.0,100.0,0.0,0.0,0.0,0.0,0.0,0.0,0.0
1993-05,0.0,0.0,0.0,0.0,0.0,100.0,0.0,0.0,0.0,0.0,0.0
1993-06,0.0,0.0,0.0,0.0,0.0,100.0,0.0,0.0,0.0,0.0,0.0
1993-07,0.0,0.0,0.0,0.0,0.0,0.0,0.0,100.0,0.0,0.0,0.0
1993-08,0.0,0.0,0.0,0.0,0.0,0.0,100.0,0.0,0.0,0.0,0.0
1993-09,0.0,0.0,0.0,0.0,0.0,100.0,0.0,0.0,0.0,0.0,0.0
1993-10,0.0,0.0,0.0,0.0,0.0,100.0,0.0,0.0,0.0,0.0,0.0
1993-11,0.0,0.0,0.0,0.0,0.0,100.0,0.0,0.0,0.0,0.0,0.0
1993-12,0.0,0.0,0.0,0.0,0.0,100.0,0.0,0.0,0.0,0.0,0.0
1994-01,0.0,0.0,0.0,0.0,0.0,100.0,0.0,0.0,0.0,0.0,0.0
1994-02,0.0,0.0,0.0,0.0,0.0,0.0,0.0,100.0,0.0,0.0,0.0
1994-03,0.0,0.0,0.0,0.0,0.0,0.0,0.0,100.0,0.0,0.0,0.0
1994-04,0.0,0.0,0.0,0.0,0.0,0.0,0.0,0.0,100.0,0.0,0.0
1994-05,0.0,0.0,0.0,0.0,0.0,0.0,100.0,0.0,0.0,0.0,0.0
1994-06,0.0,0.0,0.0,0.0,0.0,0.0,0.0,100.0,0.0,0.0,0.0
1994-07,0.0,0.0,0.0,0.0,0.0,0.0,0.0,100.0,0.0,0.0,0.0
1994-08,0.0,0.0,0.0,0.0,0.0,0.0,0.0,100.0,0.0,0.0,0.0
1994-09,0.0,0.0,0.0,0.0,0.0,0.0,0.0,0.0,100.0,0.0,0.0
1994-10,0.0,0.0,0.0,0.0,0.0,0.0,0.0,100.0,0.0,0.0,0.0
1994-11,0.0,0.0,0.0,0.0,0.0,0.0,0.0,0.0,0.0,99.16,0.84
1994-12,0.0,0.0,0.0,0.0,0.0,0.0,0.0,0.0,100.0,0.0,0.0
1995-01,0.0,0.0,0.0,0.0,0.0,0.0,0.0,100.0,0.0,0.0,0.0
1995-02,0.0,0.0,0.0,100.0,0.0,0.0,0.0,0.0,0.0,0.0,0.0
1995-03,0.0,0.0,0.0,100.0,0.0,0.0,0.0,0.0,0.0,0.0,0.0
1995-04,0.0,0.0,0.0,100.0,0.0,0.0,0.0,0.0,0.0,0.0,0.0
1995-05,0.0,0.0,0.0,0.0,0.0,100.0,0.0,0.0,0.0,0.0,0.0
1995-06,0.0,0.0,0.0,0.0,0.0,100.0,0.0,0.0,0.0,0.0,0.0
1995-07,0.0,0.0,0.0,0.0,0.0,73.11,26.89,0.0,0.0,0.0,0.0
1995-08,0.0,0.0,0.0,0.0,0.0,94.96,5.04,0.0,0.0,0.0,0.0
1995-09,0.0,0.0,0.0,0.0,0.0,100.0,0.0,0.0,0.0,0.0,0.0
1995-10,0.0,0.0,0.0,0.0,0.0,100.0,0.0,0.0,0.0,0.0,0.0
1995-11,0.0,0.0,0.0,100.0,0.0,0.0,0.0,0.0,0.0,0.0,0.0
1995-12,0.0,100.0,0.0,0.0,0.0,0.0,0.0,0.0,0.0,0.0,0.0
1996-01,0.0,0.0,0.0,0.0,100.0,0.0,0.0,0.0,0.0,0.0,0.0
1996-02,0.0,0.0,0.0,0.0,0.0,100.0,0.0,0.0,0.0,0.0,0.0
1996-03,0.0,0.0,0.0,0.0,0.0,0.0,93.28,6.72,0.0,0.0,0.0
1996-04,0.0,0.0,0.0,0.0,0.0,5.04,94.96,0.0,0.0,0.0,0.0
1996-05,0.0,0.0,0.0,0.0,0.0,100.0,0.0,0.0,0.0,0.0,0.0
1996-06,0.0,0.0,0.0,0.0,65.55,34.45,0.0,0.0,0.0,0.0,0.0
1996-07,0.0,0.0,0.0,0.0,0.0,100.0,0.0,0.0,0.0,0.0,0.0
1996-08,0.0,0.0,0.0,0.0,0.0,100.0,0.0,0.0,0.0,0.0,0.0
1996-09,0.0,0.0,0.0,0.0,22.69,77.31,0.0,0.0,0.0,0.0,0.0
1996-10,0.0,0.0,0.0,0.0,42.02,57.98,0.0,0.0,0.0,0.0,0.0
1996-11,0.0,0.0,0.0,0.0,0.0,100.0,0.0,0.0,0.0,0.0,0.0
1996-12,0.0,0.0,0.0,22.69,77.31,0.0,0.0,0.0,0.0,0.0,0.0
1997-01,0.0,0.0,100.0,0.0,0.0,0.0,0.0,0.0,0.0,0.0,0.0
1997-02,0.0,0.0,0.0,100.0,0.0,0.0,0.0,0.0,0.0,0.0,0.0
1997-03,0.0,0.0,0.0,0.0,0.0,100.0,0.0,0.0,0.0,0.0,0.0
1997-04,0.0,0.0,0.0,0.0,0.0,100.0,0.0,0.0,0.0,0.0,0.0
1997-05,0.0,0.0,0.0,0.0,0.0,16.81,83.19,0.0,0.0,0.0,0.0
1997-06,0.0,0.0,0.0,0.0,0.0,0.0,0.0,0.0,0.0,100.0,0.0
1997-07,0.0,0.0,0.0,0.0,0.0,0.0,0.0,0.0,0.0,0.0,100.0
1997-08,0.0,0.0,0.0,0.0,0.0,0.0,0.0,0.0,89.08,10.92,0.0
1997-09,0.0,0.0,0.0,0.0,0.0,100.0,0.0,0.0,0.0,0.0,0.0
1997-10,0.0,0.0,0.0,0.0,0.0,100.0,0.0,0.0,0.0,0.0,0.0
1997-11,0.0,0.0,0.0,0.0,0.0,100.0,0.0,0.0,0.0,0.0,0.0
1997-12,0.0,0.0,0.0,0.0,56.3,43.7,0.0,0.0,0.0,0.0,0.0
1998-01,0.0,0.0,100.0,0.0,0.0,0.0,0.0,0.0,0.0,0.0,0.0
1998-02,0.0,100.0,0.0,0.0,0.0,0.0,0.0,0.0,0.0,0.0,0.0
1998-03,0.0,100.0,0.0,0.0,0.0,0.0,0.0,0.0,0.0,0.0,0.0
1998-04,0.0,0.0,5.88,94.12,0.0,0.0,0.0,0.0,0.0,0.0,0.0
1998-05,0.0,0.0,0.0,0.0,0.0,100.0,0.0,0.0,0.0,0.0,0.0
1998-06,0.0,0.0,0.0,0.0,0.0,0.0,0.0,0.0,0.0,100.0,0.0
1998-07,0.0,0.0,0.0,0.0,0.0,0.0,0.0,87.39,12.61,0.0,0.0
1998-08,0.0,0.0,0.0,0.0,0.0,100.0,0.0,0.0,0.0,0.0,0.0
1998-09,0.0,0.0,0.0,0.0,0.0,100.0,0.0,0.0,0.0,0.0,0.0
1998-10,0.0,0.0,0.0,0.0,0.0,0.0,100.0,0.0,0.0,0.0,0.0
1998-11,0.0,0.0,0.0,0.0,0.0,0.0,0.0,100.0,0.0,0.0,0.0
1998-12,0.0,0.0,0.0,0.0,0.0,0.0,100.0,0.0,0.0,0.0,0.0
1999-01,0.0,0.0,0.0,0.0,0.0,0.0,100.0,0.0,0.0,0.0,0.0
1999-02,0.0,0.0,0.0,0.0,0.0,0.0,0.0,100.0,0.0,0.0,0.0
1999-03,0.0,0.0,0.0,0.0,0.0,0.0,0.0,100.0,0.0,0.0,0.0
1999-04,0.0,0.0,0.0,0.0,0.0,0.0,0.0,98.32,1.68,0.0,0.0
1999-05,0.0,0.0,0.0,0.0,0.0,93.28,6.72,0.0,0.0,0.0,0.0
1999-06,0.0,0.0,0.0,0.0,0.0,100.0,0.0,0.0,0.0,0.0,0.0
1999-07,0.0,100.0,0.0,0.0,0.0,0.0,0.0,0.0,0.0,0.0,0.0
1999-08,0.0,0.0,0.0,71.43,28.57,0.0,0.0,0.0,0.0,0.0,0.0
1999-09,0.0,0.0,0.0,19.33,80.67,0.0,0.0,0.0,0.0,0.0,0.0
1999-10,0.0,0.0,0.0,15.13,84.87,0.0,0.0,0.0,0.0,0.0,0.0
1999-11,0.0,0.0,0.0,100.0,0.0,0.0,0.0,0.0,0.0,0.0,0.0
1999-12,0.0,0.0,0.0,0.0,0.0,100.0,0.0,0.0,0.0,0.0,0.0
2000-01,0.0,0.0,0.0,0.0,0.0,0.0,0.0,100.0,0.0,0.0,0.0
2000-02,0.0,0.0,0.0,0.0,0.0,0.0,100.0,0.0,0.0,0.0,0.0
2000-03,0.0,0.0,0.0,0.0,0.0,100.0,0.0,0.0,0.0,0.0,0.0
2000-04,0.0,0.0,100.0,0.0,0.0,0.0,0.0,0.0,0.0,0.0,0.0
2000-05,0.0,0.0,0.0,100.0,0.0,0.0,0.0,0.0,0.0,0.0,0.0
2000-06,0.0,0.0,0.0,21.01,78.99,0.0,0.0,0.0,0.0,0.0,0.0
2000-07,0.0,0.0,0.0,0.0,0.0,100.0,0.0,0.0,0.0,0.0,0.0
2000-08,0.0,0.0,0.0,0.0,0.0,0.0,100.0,0.0,0.0,0.0,0.0
2000-09,0.0,0.0,0.0,0.0,0.0,0.0,90.76,9.24,0.0,0.0,0.0
2000-10,0.0,0.0,0.0,0.0,0.0,0.0,0.0,100.0,0.0,0.0,0.0
2000-11,0.0,0.0,0.0,0.0,0.0,0.0,0.0,0.0,0.0,0.0,100.0
2000-12,0.0,0.0,0.0,0.0,0.0,0.0,0.0,0.0,0.0,98.32,1.68
2001-01,0.0,0.0,0.0,0.0,0.0,0.0,79.83,20.17,0.0,0.0,0.0
2001-02,0.0,0.0,0.0,100.0,0.0,0.0,0.0,0.0,0.0,0.0,0.0
2001-03,0.0,0.0,0.0,0.0,0.0,100.0,0.0,0.0,0.0,0.0,0.0
2001-04,0.0,0.0,0.0,0.0,0.0,100.0,0.0,0.0,0.0,0.0,0.0
2001-05,0.0,0.0,0.0,0.0,0.0,100.0,0.0,0.0,0.0,0.0,0.0
2001-06,0.0,0.0,0.0,0.0,0.0,100.0,0.0,0.0,0.0,0.0,0.0
2001-07,0.0,0.0,0.0,100.0,0.0,0.0,0.0,0.0,0.0,0.0,0.0
2001-08,0.0,0.0,0.0,0.0,100.0,0.0,0.0,0.0,0.0,0.0,0.0
2001-09,0.0,0.0,0.0,0.0,0.0,100.0,0.0,0.0,0.0,0.0,0.0
2001-10,0.0,0.0,0.0,0.0,0.0,100.0,0.0,0.0,0.0,0.0,0.0
2001-11,0.0,0.0,0.0,0.0,0.0,0.0,100.0,0.0,0.0,0.0,0.0
2001-12,0.0,0.0,0.0,0.0,0.0,0.0,0.0,100.0,0.0,0.0,0.0
2002-01,0.0,0.0,0.0,0.0,0.0,0.0,0.0,0.0,100.0,0.0,0.0
2002-02,0.0,0.0,0.0,0.0,0.0,0.0,0.0,100.0,0.0,0.0,0.0
2002-03,0.0,0.0,0.0,0.0,0.0,0.0,0.0,100.0,0.0,0.0,0.0
2002-04,0.0,0.0,0.0,0.0,0.0,100.0,0.0,0.0,0.0,0.0,0.0
2002-05,0.0,0.0,0.0,0.0,0.0,100.0,0.0,0.0,0.0,0.0,0.0
2002-06,0.0,0.0,0.0,0.0,0.0,0.0,25.21,74.79,0.0,0.0,0.0
2002-07,0.0,0.0,0.0,0.0,0.0,0.0,22.69,77.31,0.0,0.0,0.0
2002-08,0.0,0.0,0.0,0.0,0.0,100.0,0.0,0.0,0.0,0.0,0.0
2002-09,0.0,0.0,0.0,0.0,0.0,100.0,0.0,0.0,0.0,0.0,0.0
2002-10,0.0,0.0,0.0,0.0,0.0,100.0,0.0,0.0,0.0,0.0,0.0
2002-11,0.0,0.0,100.0,0.0,0.0,0.0,0.0,0.0,0.0,0.0,0.0
2002-12,0.0,100.0,0.0,0.0,0.0,0.0,0.0,0.0,0.0,0.0,0.0
2003-01,86.55,13.45,0.0,0.0,0.0,0.0,0.0,0.0,0.0,0.0,0.0
2003-02,0.0,0.0,0.0,100.0,0.0,0.0,0.0,0.0,0.0,0.0,0.0
2003-03,0.0,100.0,0.0,0.0,0.0,0.0,0.0,0.0,0.0,0.0,0.0
2003-04,0.0,0.0,0.0,100.0,0.0,0.0,0.0,0.0,0.0,0.0,0.0
2003-05,0.0,0.0,0.0,15.13,84.87,0.0,0.0,0.0,0.0,0.0,0.0
2003-06,0.0,0.0,0.0,0.0,0.0,100.0,0.0,0.0,0.0,0.0,0.0
2003-07,0.0,0.0,0.0,0.0,0.0,100.0,0.0,0.0,0.0,0.0,0.0
2003-08,0.0,0.0,0.0,0.0,0.0,100.0,0.0,0.0,0.0,0.0,0.0
2003-09,0.0,0.0,0.0,0.0,0.0,100.0,0.0,0.0,0.0,0.0,0.0
2003-10,0.0,0.0,0.0,0.0,100.0,0.0,0.0,0.0,0.0,0.0,0.0
2003-11,0.0,0.0,0.0,0.0,52.1,47.9,0.0,0.0,0.0,0.0,0.0
2003-12,0.0,0.0,0.0,0.0,100.0,0.0,0.0,0.0,0.0,0.0,0.0
2004-01,0.0,0.0,0.0,0.0,0.0,100.0,0.0,0.0,0.0,0.0,0.0
2004-02,0.0,0.0,0.0,0.0,0.0,100.0,0.0,0.0,0.0,0.0,0.0
2004-03,0.0,0.0,0.0,0.0,0.0,0.0,0.0,100.0,0.0,0.0,0.0
2004-04,0.0,0.0,0.0,0.0,0.0,0.0,0.0,0.0,100.0,0.0,0.0
2004-05,0.0,0.0,0.0,0.0,0.0,0.0,0.0,0.0,0.0,100.0,0.0
2004-06,0.0,0.0,0.0,0.0,0.0,0.0,0.0,13.45,86.55,0.0,0.0
2004-07,0.0,0.0,0.0,0.0,56.3,43.7,0.0,0.0,0.0,0.0,0.0
2004-08,0.0,0.0,0.0,99.16,0.84,0.0,0.0,0.0,0.0,0.0,0.0
2004-09,0.0,0.0,3.36,96.64,0.0,0.0,0.0,0.0,0.0,0.0,0.0
2004-10,0.0,0.0,0.0,0.0,0.0,100.0,0.0,0.0,0.0,0.0,0.0
2004-11,0.0,0.0,0.0,0.0,0.0,100.0,0.0,0.0,0.0,0.0,0.0
2004-12,0.0,0.0,0.0,0.0,0.0,100.0,0.0,0.0,0.0,0.0,0.0
2005-01,0.0,0.0,0.0,0.0,100.0,0.0,0.0,0.0,0.0,0.0,0.0
2005-02,0.0,0.0,0.0,0.0,0.0,100.0,0.0,0.0,0.0,0.0,0.0
2005-03,0.0,0.0,0.0,0.0,0.0,100.0,0.0,0.0,0.0,0.0,0.0
2005-04,0.0,0.0,0.0,0.0,0.0,100.0,0.0,0.0,0.0,0.0,0.0
2005-05,0.0,0.0,0.0,0.0,0.0,100.0,0.0,0.0,0.0,0.0,0.0
2005-06,0.0,0.0,0.0,0.0,0.0,100.0,0.0,0.0,0.0,0.0,0.0
2005-07,0.0,0.0,0.0,0.0,0.0,100.0,0.0,0.0,0.0,0.0,0.0
2005-08,0.0,0.0,0.0,0.0,0.0,100.0,0.0,0.0,0.0,0.0,0.0
2005-09,0.0,0.0,0.0,0.0,0.0,0.0,0.0,100.0,0.0,0.0,0.0
2005-10,0.0,0.0,0.0,0.0,0.0,0.0,0.0,100.0,0.0,0.0,0.0
2005-11,0.0,0.0,0.0,0.0,0.0,0.0,0.0,100.0,0.0,0.0,0.0
2005-12,0.0,0.0,0.0,0.0,0.0,100.0,0.0,0.0,0.0,0.0,0.0
2006-01,0.0,0.0,0.0,0.0,0.0,100.0,0.0,0.0,0.0,0.0,0.0
2006-02,0.0,0.0,0.0,0.0,0.0,100.0,0.0,0.0,0.0,0.0,0.0
2006-03,0.0,0.0,0.0,0.0,0.0,0.0,0.0,100.0,0.0,0.0,0.0
2006-04,0.0,0.0,0.0,0.0,0.0,0.0,0.0,98.32,1.68,0.0,0.0
2006-05,0.0,0.0,0.0,0.0,0.0,0.0,0.0,0.0,0.0,0.0,100.0
2006-06,0.0,0.0,0.0,0.0,0.0,0.0,0.0,0.0,58.82,41.18,0.0
2006-07,0.0,0.0,0.0,0.0,0.0,0.0,0.0,21.01,78.99,0.0,0.0
2006-08,0.0,0.0,0.0,0.0,100.0,0.0,0.0,0.0,0.0,0.0,0.0
2006-09,0.0,0.0,0.0,0.0,0.0,100.0,0.0,0.0,0.0,0.0,0.0
2006-10,0.0,0.0,0.0,0.0,0.0,100.0,0.0,0.0,0.0,0.0,0.0
2006-11,0.0,0.0,0.0,0.0,63.03,36.97,0.0,0.0,0.0,0.0,0.0
2006-12,0.0,16.81,83.19,0.0,0.0,0.0,0.0,0.0,0.0,0.0,0.0
2007-01,0.0,0.0,0.0,42.86,57.14,0.0,0.0,0.0,0.0,0.0,0.0
2007-02,0.0,0.0,0.0,0.0,0.0,100.0,0.0,0.0,0.0,0.0,0.0
2007-03,0.0,0.0,0.0,0.0,0.0,100.0,0.0,0.0,0.0,0.0,0.0
2007-04,0.0,0.0,0.0,0.0,0.0,100.0,0.0,0.0,0.0,0.0,0.0
2007-05,0.0,0.0,100.0,0.0,0.0,0.0,0.0,0.0,0.0,0.0,0.0
2007-06,0.0,0.0,0.0,100.0,0.0,0.0,0.0,0.0,0.0,0.0,0.0
2007-07,0.0,0.0,0.0,100.0,0.0,0.0,0.0,0.0,0.0,0.0,0.0
2007-08,0.0,0.0,0.0,0.0,37.82,62.18,0.0,0.0,0.0,0.0,0.0
2007-09,0.0,0.0,0.0,0.0,0.0,100.0,0.0,0.0,0.0,0.0,0.0
2007-10,0.0,0.0,0.0,0.0,0.0,100.0,0.0,0.0,0.0,0.0,0.0
2007-11,0.0,0.0,0.0,0.0,0.0,100.0,0.0,0.0,0.0,0.0,0.0
2007-12,0.0,0.0,0.0,0.0,0.0,8.4,91.6,0.0,0.0,0.0,0.0
2008-01,0.0,0.0,0.0,0.0,0.0,0.0,0.0,100.0,0.0,0.0,0.0
2008-02,0.0,0.0,0.0,0.0,0.0,0.0,0.0,0.0,0.0,0.0,100.0
2008-03,0.0,0.0,0.0,0.0,0.0,0.0,0.0,31.93,68.07,0.0,0.0
2008-04,0.0,0.0,0.0,0.0,0.0,0.0,0.0,100.0,0.0,0.0,0.0
2008-05,0.0,0.0,0.0,100.0,0.0,0.0,0.0,0.0,0.0,0.0,0.0
2008-06,0.0,100.0,0.0,0.0,0.0,0.0,0.0,0.0,0.0,0.0,0.0
2008-07,0.0,0.0,0.0,100.0,0.0,0.0,0.0,0.0,0.0,0.0,0.0
2008-08,0.0,0.0,100.0,0.0,0.0,0.0,0.0,0.0,0.0,0.0,0.0
2008-09,0.0,0.0,61.34,38.66,0.0,0.0,0.0,0.0,0.0,0.0,0.0
2008-10,0.0,0.0,100.0,0.0,0.0,0.0,0.0,0.0,0.0,0.0,0.0
2008-11,0.0,0.0,100.0,0.0,0.0,0.0,0.0,0.0,0.0,0.0,0.0
2008-12,0.0,0.0,0.0,0.0,0.0,100.0,0.0,0.0,0.0,0.0,0.0
2009-01,0.0,0.0,0.0,0.0,0.0,100.0,0.0,0.0,0.0,0.0,0.0
2009-02,0.0,0.0,0.0,0.0,0.0,0.0,15.13,84.87,0.0,0.0,0.0
2009-03,0.0,0.0,0.0,0.0,0.0,0.0,0.0,100.0,0.0,0.0,0.0
2009-04,0.0,0.0,0.0,0.0,0.0,0.0,0.0,0.0,100.0,0.0,0.0
2009-05,0.0,0.0,0.0,0.0,0.0,0.0,0.0,100.0,0.0,0.0,0.0
2009-06,0.0,0.0,0.0,0.0,0.0,100.0,0.0,0.0,0.0,0.0,0.0
2009-07,0.0,0.0,0.0,0.0,100.0,0.0,0.0,0.0,0.0,0.0,0.0
2009-08,0.0,0.0,0.0,0.0,3.36,96.64,0.0,0.0,0.0,0.0,0.0
2009-09,0.0,0.0,0.0,0.0,90.76,9.24,0.0,0.0,0.0,0.0,0.0
2009-10,0.0,0.0,0.0,0.0,100.0,0.0,0.0,0.0,0.0,0.0,0.0
2009-11,0.0,0.0,0.0,0.0,0.0,100.0,0.0,0.0,0.0,0.0,0.0
2009-12,0.0,0.0,0.0,0.0,0.0,100.0,0.0,0.0,0.0,0.0,0.0
2010-01,0.0,0.0,0.0,0.0,0.0,100.0,0.0,0.0,0.0,0.0,0.0
2010-02,0.0,0.0,99.16,0.84,0.0,0.0,0.0,0.0,0.0,0.0,0.0
2010-03,0.0,0.0,0.0,100.0,0.0,0.0,0.0,0.0,0.0,0.0,0.0
2010-04,0.0,0.0,0.0,52.94,47.06,0.0,0.0,0.0,0.0,0.0,0.0
2010-05,0.0,0.0,0.0,0.0,94.96,5.04,0.0,0.0,0.0,0.0,0.0
2010-06,0.0,0.0,0.0,100.0,0.0,0.0,0.0,0.0,0.0,0.0,0.0
2010-07,0.0,100.0,0.0,0.0,0.0,0.0,0.0,0.0,0.0,0.0,0.0
2010-08,0.0,1.68,98.32,0.0,0.0,0.0,0.0,0.0,0.0,0.0,0.0
2010-09,0.0,100.0,0.0,0.0,0.0,0.0,0.0,0.0,0.0,0.0,0.0
2010-10,0.0,0.0,0.0,100.0,0.0,0.0,0.0,0.0,0.0,0.0,0.0
2010-11,0.0,0.0,0.0,0.0,100.0,0.0,0.0,0.0,0.0,0.0,0.0
2010-12,0.0,0.0,0.0,100.0,0.0,0.0,0.0,0.0,0.0,0.0,0.0
2011-01,0.0,0.0,0.0,100.0,0.0,0.0,0.0,0.0,0.0,0.0,0.0
2011-02,0.0,0.0,0.0,100.0,0.0,0.0,0.0,0.0,0.0,0.0,0.0
2011-03,0.0,0.0,0.0,0.0,100.0,0.0,0.0,0.0,0.0,0.0,0.0
2011-04,0.0,0.0,0.0,100.0,0.0,0.0,0.0,0.0,0.0,0.0,0.0
2011-05,0.0,0.0,0.0,0.0,0.0,100.0,0.0,0.0,0.0,0.0,0.0
2011-06,0.0,0.0,0.0,0.0,2.52,97.48,0.0,0.0,0.0,0.0,0.0
2011-07,0.0,0.0,0.0,0.0,0.0,100.0,0.0,0.0,0.0,0.0,0.0
2011-08,0.0,0.0,0.0,0.0,100.0,0.0,0.0,0.0,0.0,0.0,0.0
2011-09,0.0,0.0,0.0,100.0,0.0,0.0,0.0,0.0,0.0,0.0,0.0
2011-10,0.0,0.0,0.0,100.0,0.0,0.0,0.0,0.0,0.0,0.0,0.0
2011-11,0.0,0.0,0.0,0.0,0.0,100.0,0.0,0.0,0.0,0.0,0.0
2011-12,0.0,0.0,0.0,0.0,0.0,0.0,100.0,0.0,0.0,0.0,0.0
2012-01,0.0,0.0,0.0,0.0,0.0,42.86,57.14,0.0,0.0,0.0,0.0
2012-02,0.0,0.0,0.0,0.0,0.0,0.0,100.0,0.0,0.0,0.0,0.0
2012-03,0.0,0.0,0.0,0.0,0.0,100.0,0.0,0.0,0.0,0.0,0.0
2012-04,0.0,0.0,0.0,0.0,0.0,100.0,0.0,0.0,0.0,0.0,0.0
2012-05,0.0,0.0,0.0,0.0,0.0,100.0,0.0,0.0,0.0,0.0,0.0
2012-06,0.0,0.0,0.0,0.0,0.0,100.0,0.0,0.0,0.0,0.0,0.0
2012-07,0.0,0.0,0.0,0.0,0.0,100.0,0.0,0.0,0.0,0.0,0.0
2012-08,0.0,0.0,0.0,0.0,0.0,100.0,0.0,0.0,0.0,0.0,0.0
2012-09,0.0,0.0,0.0,0.0,100.0,0.0,0.0,0.0,0.0,0.0,0.0
2012-10,0.0,0.0,29.41,70.59,0.0,0.0,0.0,0.0,0.0,0.0,0.0
2012-11,0.0,100.0,0.0,0.0,0.0,0.0,0.0,0.0,0.0,0.0,0.0
2012-12,0.0,100.0,0.0,0.0,0.0,0.0,0.0,0.0,0.0,0.0,0.0
2013-01,0.0,0.0,0.0,1.68,98.32,0.0,0.0,0.0,0.0,0.0,0.0
2013-02,0.0,0.0,0.0,0.0,0.0,0.0,48.74,51.26,0.0,0.0,0.0
2013-03,0.0,0.0,0.0,0.0,0.0,94.12,5.88,0.0,0.0,0.0,0.0
2013-04,0.0,0.0,0.0,0.0,0.0,100.0,0.0,0.0,0.0,0.0,0.0
2013-05,0.0,0.0,31.93,68.07,0.0,0.0,0.0,0.0,0.0,0.0,0.0
2013-06,0.0,0.0,84.03,15.97,0.0,0.0,0.0,0.0,0.0,0.0,0.0
2013-07,0.0,0.0,0.0,0.0,100.0,0.0,0.0,0.0,0.0,0.0,0.0
2013-08,0.0,0.0,0.0,100.0,0.0,0.0,0.0,0.0,0.0,0.0,0.0
2013-09,0.0,0.0,0.0,100.0,0.0,0.0,0.0,0.0,0.0,0.0,0.0
2013-10,0.0,0.0,4.2,95.8,0.0,0.0,0.0,0.0,0.0,0.0,0.0
2013-11,0.0,0.0,60.5,39.5,0.0,0.0,0.0,0.0,0.0,0.0,0.0
2013-12,0.0,0.0,0.0,0.0,0.0,100.0,0.0,0.0,0.0,0.0,0.0
2014-01,0.0,0.0,0.0,0.0,0.0,100.0,0.0,0.0,0.0,0.0,0.0
2014-02,0.0,0.0,0.0,0.0,0.0,100.0,0.0,0.0,0.0,0.0,0.0
2014-03,0.0,0.0,0.0,0.0,0.0,100.0,0.0,0.0,0.0,0.0,0.0
2014-04,0.0,0.0,0.0,0.0,0.0,100.0,0.0,0.0,0.0,0.0,0.0
2014-05,0.0,0.0,0.0,0.0,0.0,0.0,0.0,100.0,0.0,0.0,0.0
2014-06,0.0,0.0,0.0,0.0,0.0,21.85,78.15,0.0,0.0,0.0,0.0
2014-07,0.0,0.0,0.0,0.0,0.0,0.0,55.46,44.54,0.0,0.0,0.0
2014-08,0.0,0.0,0.0,0.0,0.0,3.36,96.64,0.0,0.0,0.0,0.0
2014-09,0.0,0.0,0.0,0.0,0.0,100.0,0.0,0.0,0.0,0.0,0.0
2014-10,0.0,0.0,0.0,0.0,0.0,100.0,0.0,0.0,0.0,0.0,0.0
2014-11,0.0,0.0,0.0,0.0,0.0,100.0,0.0,0.0,0.0,0.0,0.0
2014-12,0.0,0.0,0.0,0.0,100.0,0.0,0.0,0.0,0.0,0.0,0.0
2015-01,0.0,0.0,0.0,100.0,0.0,0.0,0.0,0.0,0.0,0.0,0.0
2015-02,0.0,0.0,0.0,100.0,0.0,0.0,0.0,0.0,0.0,0.0,0.0
2015-03,0.0,0.0,0.0,0.0,100.0,0.0,0.0,0.0,0.0,0.0,0.0
2015-04,0.0,0.0,0.0,0.0,0.0,100.0,0.0,0.0,0.0,0.0,0.0
2015-05,0.0,0.0,0.0,0.0,0.0,86.55,13.45,0.0,0.0,0.0,0.0
2015-06,0.0,0.0,0.0,0.0,0.0,0.0,0.0,100.0,0.0,0.0,0.0
2015-07,0.0,0.0,0.0,0.0,0.0,100.0,0.0,0.0,0.0,0.0,0.0
2015-08,0.0,0.0,0.0,0.0,0.0,97.48,2.52,0.0,0.0,0.0,0.0
2015-09,0.0,0.0,0.0,0.0,0.0,0.0,0.0,0.0,65.55,34.45,0.0
2015-10,0.0,0.0,0.0,0.0,0.0,0.0,0.0,0.0,0.0,100.0,0.0
2015-11,0.0,0.0,0.0,0.0,0.0,0.0,0.0,0.0,0.0,100.0,0.0
2015-12,0.0,0.0,0.0,0.0,0.0,0.0,0.0,0.0,100.0,0.0,0.0
2016-01,0.0,0.0,0.0,0.0,0.0,39.5,60.5,0.0,0.0,0.0,0.0
2016-02,0.0,0.0,0.0,0.0,100.0,0.0,0.0,0.0,0.0,0.0,0.0
2016-03,0.0,0.0,100.0,0.0,0.0,0.0,0.0,0.0,0.0,0.0,0.0
2016-04,0.0,0.0,0.0,100.0,0.0,0.0,0.0,0.0,0.0,0.0,0.0
2016-05,0.0,0.0,0.0,0.0,30.25,69.75,0.0,0.0,0.0,0.0,0.0
2016-06,0.0,0.0,0.0,0.0,0.0,0.0,29.41,70.59,0.0,0.0,0.0
2016-07,0.0,0.0,0.0,0.0,0.0,0.0,96.64,3.36,0.0,0.0,0.0
2016-08,0.0,0.0,0.0,0.0,0.0,0.0,0.0,54.62,45.38,0.0,0.0
2016-09,0.0,0.0,0.0,0.0,0.0,0.0,0.0,100.0,0.0,0.0,0.0
2016-10,0.0,0.0,0.0,0.0,0.0,0.0,0.0,0.0,0.0,100.0,0.0
2016-11,0.0,0.0,0.0,0.0,0.0,0.0,56.3,43.7,0.0,0.0,0.0
2016-12,0.0,0.0,0.0,0.0,0.0,0.0,0.0,68.07,31.93,0.0,0.0
2017-01,0.0,0.0,0.0,0.0,0.0,0.0,100.0,0.0,0.0,0.0,0.0
2017-02,0.0,0.0,0.0,0.0,0.0,0.0,100.0,0.0,0.0,0.0,0.0
2017-03,0.0,0.0,0.0,0.0,0.0,100.0,0.0,0.0,0.0,0.0,0.0
2017-04,0.0,0.0,100.0,0.0,0.0,0.0,0.0,0.0,0.0,0.0,0.0
2017-05,0.0,0.0,0.0,100.0,0.0,0.0,0.0,0.0,0.0,0.0,0.0
2017-06,0.0,0.0,0.0,100.0,0.0,0.0,0.0,0.0,0.0,0.0,0.0
2017-07,0.0,5.04,61.34,33.61,0.0,0.0,0.0,0.0,0.0,0.0,0.0
2017-08,28.57,45.38,21.01,5.04,0.0,0.0,0.0,0.0,0.0,0.0,0.0
2017-09,39.5,44.54,13.45,2.52,0.0,0.0,0.0,0.0,0.0,0.0,0.0
2017-10,0.0,0.0,0.0,13.45,60.5,26.05,0.0,0.0,0.0,0.0,0.0
2017-11,0.0,0.0,0.0,0.0,0.0,52.94,47.06,0.0,0.0,0.0,0.0
2017-12,0.0,0.0,0.0,0.0,0.0,0.0,0.0,100.0,0.0,0.0,0.0
2018-01,0.0,0.0,0.0,0.0,0.0,0.0,0.0,100.0,0.0,0.0,0.0
2018-02,0.0,0.0,0.0,0.0,0.0,0.0,38.66,61.34,0.0,0.0,0.0
2018-03,0.0,0.0,0.0,0.0,0.0,0.0,97.48,2.52,0.0,0.0,0.0
2018-04,0.0,0.0,0.0,0.0,0.0,0.0,100.0,0.0,0.0,0.0,0.0
2018-05,0.0,0.0,0.0,0.0,0.0,0.0,72.27,27.73,0.0,0.0,0.0
2018-06,0.0,0.0,0.0,0.0,0.0,0.0,0.0,0.0,100.0,0.0,0.0
2018-07,0.0,0.0,0.0,0.0,0.0,14.29,85.71,0.0,0.0,0.0,0.0
2018-08,0.0,0.0,0.0,0.0,0.0,0.0,0.0,0.0,0.0,0.0,100.0
2018-09,0.0,0.0,0.0,0.0,0.0,0.0,0.0,0.0,0.0,0.0,100.0
2018-10,0.0,0.0,0.0,0.0,0.0,0.0,0.0,0.0,0.0,0.0,100.0
2018-11,0.0,0.0,0.0,0.0,0.0,0.0,100.0,0.0,0.0,0.0,0.0
2018-12,0.0,0.0,0.0,0.0,0.0,0.0,100.0,0.0,0.0,0.0,0.0
2019-01,0.0,0.0,0.0,78.15,21.85,0.0,0.0,0.0,0.0,0.0,0.0
2019-02,0.0,0.0,0.0,0.0,0.0,100.0,0.0,0.0,0.0,0.0,0.0
2019-03,0.0,0.0,0.0,0.0,100.0,0.0,0.0,0.0,0.0,0.0,0.0
2019-04,0.0,0.0,0.0,0.0,0.0,100.0,0.0,0.0,0.0,0.0,0.0
2019-05,0.0,0.0,0.0,0.0,100.0,0.0,0.0,0.0,0.0,0.0,0.0
2019-06,0.0,0.0,0.0,0.0,0.0,100.0,0.0,0.0,0.0,0.0,0.0
2019-07,0.0,0.0,0.0,25.21,74.79,0.0,0.0,0.0,0.0,0.0,0.0
2019-08,0.0,0.0,0.0,0.0,0.0,100.0,0.0,0.0,0.0,0.0,0.0
2019-09,0.0,0.0,0.0,0.0,0.0,100.0,0.0,0.0,0.0,0.0,0.0
2019-10,0.0,0.0,0.0,0.0,0.0,100.0,0.0,0.0,0.0,0.0,0.0
2019-11,0.0,0.0,0.0,0.0,0.0,100.0,0.0,0.0,0.0,0.0,0.0
2019-12,0.0,0.0,0.0,0.0,0.0,100.0,0.0,0.0,0.0,0.0,0.0
2020-01,0.0,0.0,0.0,0.0,0.0,0.0,0.0,0.0,0.0,0.0,100.0
2020-02,0.0,0.0,0.0,0.0,0.0,0.0,0.0,0.0,0.0,3.36,96.64
2020-03,0.0,0.0,0.0,0.0,0.0,0.0,0.0,0.0,0.0,100.0,0.0
2020-04,0.0,0.0,0.0,0.0,0.0,100.0,0.0,0.0,0.0,0.0,0.0
2020-05,0.0,0.0,0.0,0.0,0.0,100.0,0.0,0.0,0.0,0.0,0.0
2020-06,0.0,9.24,90.76,0.0,0.0,0.0,0.0,0.0,0.0,0.0,0.0
2020-07,0.0,0.0,4.2,95.8,0.0,0.0,0.0,0.0,0.0,0.0,0.0
2020-08,0.0,0.0,75.63,24.37,0.0,0.0,0.0,0.0,0.0,0.0,0.0
2020-09,0.0,0.0,0.0,0.0,0.0,100.0,0.0,0.0,0.0,0.0,0.0
2020-10,0.0,0.0,0.0,7.56,92.44,0.0,0.0,0.0,0.0,0.0,0.0
2020-11,0.0,0.0,0.0,0.0,0.0,0.0,100.0,0.0,0.0,0.0,0.0
2020-12,0.0,0.0,0.0,0.0,0.0,100.0,0.0,0.0,0.0,0.0,0.0
2021-01,0.0,0.0,0.0,0.0,0.0,0.0,0.0,11.76,88.24,0.0,0.0
2021-02,0.0,0.0,0.0,0.0,0.0,0.0,100.0,0.0,0.0,0.0,0.0
2021-03,0.0,0.0,0.0,0.0,0.0,0.0,0.0,100.0,0.0,0.0,0.0
2021-04,0.0,0.0,0.0,0.0,0.0,0.0,0.0,100.0,0.0,0.0,0.0
2021-05,0.0,0.0,0.0,0.0,0.0,0.0,0.0,100.0,0.0,0.0,0.0
2021-06,0.0,0.0,0.0,42.02,57.98,0.0,0.0,0.0,0.0,0.0,0.0
2021-07,0.0,0.0,0.0,0.0,0.0,100.0,0.0,0.0,0.0,0.0,0.0
2021-08,0.0,0.0,0.0,0.0,5.04,94.96,0.0,0.0,0.0,0.0,0.0
2021-09,0.0,0.0,0.0,0.0,0.0,100.0,0.0,0.0,0.0,0.0,0.0
2021-10,0.0,0.0,0.0,0.0,0.0,0.0,100.0,0.0,0.0,0.0,0.0
2021-11,0.0,0.0,0.0,0.0,0.0,100.0,0.0,0.0,0.0,0.0,0.0
2021-12,0.0,0.0,0.0,0.0,0.0,0.0,100.0,0.0,0.0,0.0,0.0
2022-01,0.0,0.0,0.0,0.0,100.0,0.0,0.0,0.0,0.0,0.0,0.0
2022-02,0.0,0.0,0.0,0.0,0.0,100.0,0.0,0.0,0.0,0.0,0.0
2022-03,0.0,0.0,0.0,100.0,0.0,0.0,0.0,0.0,0.0,0.0,0.0
2022-04,0.0,0.0,0.0,0.0,100.0,0.0,0.0,0.0,0.0,0.0,0.0
2022-05,0.0,0.0,0.0,0.0,0.0,100.0,0.0,0.0,0.0,0.0,0.0
2022-06,0.0,0.0,0.0,0.0,0.0,0.0,0.0,100.0,0.0,0.0,0.0
2022-07,0.0,0.0,0.0,0.0,0.0,100.0,0.0,0.0,0.0,0.0,0.0
2022-08,0.0,0.0,0.0,100.0,0.0,0.0,0.0,0.0,0.0,0.0,0.0
2022-09,0.0,0.0,5.88,94.12,0.0,0.0,0.0,0.0,0.0,0.0,0.0
2022-10,0.0,0.0,17.65,82.35,0.0,0.0,0.0,0.0,0.0,0.0,0.0
2022-11,0.0,0.0,0.0,0.0,100.0,0.0,0.0,0.0,0.0,0.0,0.0
2022-12,0.0,0.0,0.0,100.0,0.0,0.0,0.0,0.0,0.0,0.0,0.0
2023-01,0.0,0.0,0.0,100.0,0.0,0.0,0.0,0.0,0.0,0.0,0.0
2023-02,0.0,0.0,0.0,0.0,0.0,0.0,100.0,0.0,0.0,0.0,0.0
2023-03,0.0,0.0,0.0,0.0,0.0,0.0,0.0,100.0,0.0,0.0,0.0
2023-04,0.0,0.0,0.0,0.0,0.0,0.0,0.0,0.0,100.0,0.0,0.0
2023-05,0.0,0.0,0.0,0.0,0.0,100.0,0.0,0.0,0.0,0.0,0.0
2023-06,0.0,0.0,0.0,0.0,56.3,43.7,0.0,0.0,0.0,0.0,0.0
2023-07,0.0,0.0,0.0,25.21,65.55,9.24,0.0,0.0,0.0,0.0,0.0
2023-08,0.0,0.0,0.0,100.0,0.0,0.0,0.0,0.0,0.0,0.0,0.0
2023-09,0.0,0.0,0.0,100.0,0.0,0.0,0.0,0.0,0.0,0.0,0.0
2023-10,0.0,100.0,0.0,0.0,0.0,0.0,0.0,0.0,0.0,0.0,0.0
2023-11,0.0,0.0,56.3,43.7,0.0,0.0,0.0,0.0,0.0,0.0,0.0
2023-12,0.0,100.0,0.0,0.0,0.0,0.0,0.0,0.0,0.0,0.0,0.0
2024-01,0.0,0.0,8.4,91.6,0.0,0.0,0.0,0.0,0.0,0.0,0.0
2024-02,0.0,0.0,0.0,100.0,0.0,0.0,0.0,0.0,0.0,0.0,0.0
2024-03,0.0,0.0,0.0,100.0,0.0,0.0,0.0,0.0,0.0,0.0,0.0
2024-04,0.0,0.0,0.0,0.0,100.0,0.0,0.0,0.0,0.0,0.0,0.0
2024-05,0.0,0.0,0.0,0.0,0.0,100.0,0.0,0.0,0.0,0.0,0.0
2024-06,0.0,0.0,0.0,0.0,0.0,43.7,56.3,0.0,0.0,0.0,0.0
2024-07,0.0,0.0,0.0,0.0,0.0,100.0,0.0,0.0,0.0,0.0,0.0
2024-08,0.0,0.0,0.0,0.0,0.0,100.0,0.0,0.0,0.0,0.0,0.0
2024-09,0.0,0.0,0.0,0.0,0.0,100.0,0.0,0.0,0.0,0.0,0.0
2024-10,0.0,0.0,0.0,0.0,0.0,100.0,0.0,0.0,0.0,0.0,0.0
2024-11,0.0,0.0,0.0,0.0,0.0,100.0,0.0,0.0,0.0,0.0,0.0
2024-12,0.0,0.0,0.0,0.0,94.12,5.88,0.0,0.0,0.0,0.0,0.0
2025-01,0.0,0.0,0.0,0.0,100.0,0.0,0.0,0.0,0.0,0.0,0.0
2025-02,0.0,0.0,100.0,0.0,0.0,0.0,0.0,0.0,0.0,0.0,0.0
2025-03,0.0,0.0,0.0,0.0,100.0,0.0,0.0,0.0,0.0,0.0,0.0
2025-04,0.0,100.0,0.0,0.0,0.0,0.0,0.0,0.0,0.0,0.0,0.0
2025-05,0.0,0.0,55.46,44.54,0.0,0.0,0.0,0.0,0.0,0.0,0.0
2025-06,0.0,0.0,0.0,22.69,31.93,45.38,0.0,0.0,0.0,0.0,0.0
2025-07,0.0,0.0,0.0,0.0,0.0,91.6,8.4,0.0,0.0,0.0,0.0
2025-08,0.0,0.0,0.0,2.52,30.25,67.23,0.0,0.0,0.0,0.0,0.0
2025-09,0.0,0.0,4.2,95.8,0.0,0.0,0.0,0.0,0.0,0.0,0.0
2025-10,0.0,0.0,0.0,56.3,43.7,0.0,0.0,0.0,0.0,0.0,0.0
2025-11,0.0,0.0,0.0,0.0,0.0,96.64,3.36,0.0,0.0,0.0,0.0
2025-12,0.0,0.0,0.0,0.0,0.0,97.48,2.52,0.0,0.0,0.0,0.0
2026-01,0.0,0.0,0.0,0.0,0.0,58.82,33.61,7.56,0.0,0.0,0.0
2026-02,0.0,0.0,0.0,0.0,0.0,0.0,100.0,0.0,0.0,0.0,0.0
2026-03,0.0,0.0,0.0,0.0,0.0,0.0,100.0,0.0,0.0,0.0,0.0
2026-04,0.0,0.0,0.0,0.0,0.0,10.92,89.08,0.0,0.0,0.0,0.0
2026-05,0.0,0.0,0.0,0.0,0.0,83.19,16.81,0.0,0.0,0.0,0.0
2026-06,0.0,0.0,0.0,0.0,0.0,0.0,0.0,0.0,100.0,0.0,0.0
2026-07,0.0,0.0,0.0,0.0,0.0,0.0,0.0,0.0,12.61,87.39,0.0
2026-08,0.0,0.0,0.0,0.0,0.0,0.0,0.0,0.0,29.41,70.59,0.0
2026-09,,,,,,,,,,,
